RowNum,Total Population,% Urban,Gender Ratio,% Han Population,% Age 15-64,% Bachelors+,Inlinks per capita (Chinese Wikipedia),Outlinks per capita (Chinese Wikipedia),Non-Spatial Inlinks per capita (Chinese Wikipedia),Non-spatial Outlinks per capita (Chinese Wikipedia),Page Views per capita (Chinese Wikipedia),Page Length per capita (Chinese Wikipedia),Page Count per capita (Chinese Wikipedia),Page Views per Page (Chinese Wikipedia)
0,-0.10897808,1.180462374,0.114516316,0.86518484,1.261201291,0.348921107,-2.317774219,-2.374154922,-2.202395549,-2.290709469,-1.89469177,-2.156364463,-2.49924073,-1.974058229
1,-0.414544131,1.294307242,6.352484183,0.49900654,1.32912104,0.696198772,-2.100340634,-2.263074193,-1.88878058,-1.997611435,-1.624805656,-1.72599027,-2.154939574,-1.174761557
2,0.124197217,-0.410980343,-0.435063685,1.536968286,0.905754605,0.016431331,-1.09255997,-1.278523439,-0.949833353,-1.449606954,-1.44881459,-1.534566686,-1.418390346,-1.310117047
3,-0.303130779,-0.301171401,-0.273008044,-0.068327543,0.439372329,-0.850480524,-0.979946786,-0.984566397,-1.06248771,-1.291223826,-1.435407876,-1.277834466,-1.314060716,-1.319981152
4,-1.862352015,2.746072974,1.688100077,0.270801113,1.145737718,0.718612746,0.377659554,0.796102714,0.044241288,0.717064906,0.568605294,0.713961832,0.456268691,1.864702363
5,-1.126312628,0.803136802,0.880170504,1.284649763,1.240825366,0.571694246,-2.427379338,-2.461475748,-2.341859251,-2.410022003,-2.035397827,-2.420240854,-2.780933257,-1.705575349
6,-0.62153246,-0.313636727,0.018222384,1.488286223,1.245353349,-0.281644211,-1.355304129,-1.289482428,-1.457247491,-1.692652865,-1.766757827,-1.760994878,-1.844501519,-1.174085433
7,-0.927052551,-1.442797765,-0.888349753,1.46557563,-1.704627744,-0.430557105,-0.021927169,0.088204633,-0.194602977,-0.359852839,-0.489231241,-0.447312717,-0.209962856,-0.119315434
8,-1.51676839,1.242673661,0.285966487,0.953297105,0.242405057,0.261952319,-0.276817113,-0.304362399,-0.235061557,-0.073317434,-0.543964207,-0.242591739,0.111783357,0.309360434
9,-0.886182305,-0.567713788,-0.249521719,1.572214492,-0.905438699,-0.665711969,-1.014845202,-1.0501773,-0.987538989,-1.174797241,-1.20541456,-1.082831088,-1.02752179,-0.407389153
10,1.69003063,2.128350824,0.938886316,-0.454946516,1.761543441,2.196151218,2.196976132,2.700573849,2.08585116,3.006588027,2.986011136,2.910994585,1.979684365,1.625041878
11,0.054652566,-0.431295181,-1.299360437,-0.806695039,-1.731795644,-1.499718492,-0.151129652,-0.286198188,-0.033973723,-0.188061805,-0.236716026,0.077190385,-0.08328136,-0.250621722
12,0.551844259,0.844636302,1.345199735,-0.290930971,0.584267793,-0.036409017,0.033521505,-0.089841199,0.155292734,0.131255755,0.304604013,0.276083875,-0.112085962,0.518324697
13,0.515272968,0.871375387,-0.190805907,-0.36911438,0.577475818,-0.490027885,0.370388187,0.373234757,0.505656704,0.693036109,1.193927539,0.952012165,0.28877052,1.148836828
14,0.828073615,-0.005675587,-0.44915548,-1.04448008,-1.310693201,-2.822938786,0.80247272,0.638542155,0.862650505,0.581164167,0.866148509,1.022334135,0.752158837,0.934855027
15,0.815273873,-0.722699649,0.635912726,-0.959188063,-2.127994179,-0.876208229,0.195468585,0.038104355,0.316365146,0.138175384,-0.014055532,0.107204295,0.240119148,-0.061985542
16,0.460537415,-0.257168089,-1.196020608,-1.094769746,-1.127309879,-0.82651376,0.116834134,-0.196318211,0.227979497,-0.209677866,0.216194249,0.048509783,0.011885234,0.074786281
17,0.307856375,0.007671781,-0.120346932,0.00259477,-0.672247561,-1.026401735,-0.446034435,-0.622495533,-0.299094119,-0.448783603,-0.306187822,-0.380167914,-0.418555207,-0.19192902
18,0.713314423,-0.622048994,-0.768569497,-0.948584723,-0.217185244,-0.11218457,0.234191342,0.483711269,0.090267166,0.344181316,0.18167298,0.24737586,0.457605894,-0.294978033
19,0.133194323,-0.234280068,-0.37399924,-0.634258871,-0.722055377,0.256480522,0.408110812,0.460484662,0.484951301,0.652633425,0.392468816,0.645837253,0.625988504,0.512754033
20,0.611669466,-1.135182826,-0.634697446,-0.637577215,-1.580108205,-1.761407616,0.195794438,0.214461939,0.184048319,0.118615713,-0.081859095,-0.049483651,0.306422692,0.045904492
21,0.35955657,-0.395688631,-0.545449411,-0.953865683,-0.502448189,-0.685345556,-0.724809308,-1.078886304,-0.486882987,-0.749244793,-0.37403651,-0.248355746,-1.920806314,1.509611034
22,-0.778338579,-0.175599043,-0.968203258,-0.959188063,-0.097193687,-0.061850807,-0.08897899,0.031548608,-0.163170371,-0.051110163,0.133994905,-0.063253814,-0.051402154,0.542879004
23,0.378133837,-0.345564546,-0.557192574,-0.657835434,-0.459432348,-0.356408567,-0.171729011,-0.21934429,-0.09628395,-0.13051938,0.022371518,-0.074777403,0.131784113,-0.075911929
24,1.114669518,-0.931659992,-1.759692404,-0.675191878,-1.627652029,-1.519622734,0.613850145,0.830719744,0.388348456,0.475847266,0.407446925,0.354437365,0.799239707,-0.034312035
25,0.792902284,1.214865137,0.967069906,-0.733918227,0.772179099,1.969122999,0.690143161,0.657681637,0.76658042,0.729996753,0.949258653,0.911831068,0.665556321,0.800896814
26,-0.318555586,0.324389008,-0.69576189,-1.038448041,-0.042857888,0.242388197,0.313481863,0.300246991,0.346300824,0.348147663,0.955476963,0.34201919,0.505100841,1.738275371
27,-0.207849023,0.84160721,0.588940077,-0.535827838,0.233349091,0.595922719,0.664177719,1.057516776,0.537945401,1.100169464,0.645885641,0.74207794,1.302146703,0.996171695
28,-0.813664176,-0.383748645,-0.554843941,-0.980905115,0.369188589,0.247732067,0.25740758,0.59564998,0.14383072,0.631676875,0.571346961,0.330685168,0.459729662,0.417160231
29,0.77492869,-0.736153339,-0.35521018,-0.765304166,-0.549992013,-0.74619064,0.135100063,0.311989092,-0.017360652,0.033831987,-0.159966398,-0.086257082,0.196609472,-0.532861214
30,-0.807644833,1.249397964,0.210810247,-0.781558834,0.568419852,1.166973306,0.455909732,0.684286912,0.462812759,0.767986205,0.541868739,0.834637779,1.028850334,1.257302571
31,0.722042494,-0.947743279,-0.902441548,-0.980905115,-0.993734373,-0.933295251,0.29719355,0.474111361,0.117468478,0.188533605,0.032564412,0.053191326,0.351979484,-0.00557437
32,-1.519124061,1.479610367,-0.280053941,-0.893054877,0.471068212,1.101031197,0.824403604,1.104527905,0.645892507,0.890354801,0.996455858,1.117636926,0.978496399,2.139225324
33,-0.242343965,1.039776466,0.163837598,-0.864577973,0.586531785,1.377655566,0.65037582,0.52972463,0.734284992,0.750502191,1.053404742,0.994090603,0.763153438,1.459268734
34,-0.116169934,-0.241122168,-0.09920924,-0.859945874,-0.020217972,-0.595640381,-0.191759544,-0.029646782,-0.187828775,-0.001556197,0.055262803,0.003053834,0.159984174,0.008056802
35,2.176655865,2.256028196,0.285966487,-0.018448776,1.947190754,3.19209806,2.3420692,2.304769113,2.214230394,2.771000637,3.348204868,2.756458658,1.744346254,1.498754084
36,2.608852091,0.328686858,-0.68636736,0.264667824,-0.633759703,0.704933334,0.163217062,0.50600252,-0.094412762,0.37153443,0.180799619,0.392908356,0.54164242,-1.677656727
37,1.040870352,0.851050208,-0.322329326,-0.550297468,0.729163258,1.507609346,0.849558984,0.817967626,0.936704182,1.034997234,1.422974602,1.598995986,0.937825943,0.662307576
38,-0.104464162,-0.139914637,0.23194794,-0.467774874,-0.135681545,0.156739517,-0.181990085,-0.207759216,-0.122063739,-0.152153915,-0.211627204,0.102430927,-0.006179412,-0.447802321
39,-0.067442627,0.194903572,0.011176487,-0.547378754,-0.432264448,-0.111556751,-0.436516549,-0.368890491,-0.346821314,-0.216231297,-0.315960292,0.169074839,-0.233056447,-0.609118275
40,0.004885143,0.02998932,0.981161701,0.196195079,0.233349091,-0.473969628,0.151894389,0.047812568,0.281153835,0.25041141,0.14989657,0.340150484,0.326973044,-0.108083427
41,-0.012512116,0.197468837,-1.639912147,-0.55322879,-0.178697386,-0.103018644,0.57445088,0.351232956,0.683282901,0.439623008,0.809876663,0.894725546,0.718120334,1.145404837
42,1.189996603,0.644970876,0.417489906,-0.213669816,1.229505408,-0.0644327,0.849701109,0.932950753,0.927458566,1.281485135,1.678042743,1.558896199,0.852977894,1.003723069
43,-0.129315474,0.217202858,0.917748624,-0.556172829,0.029589844,0.21686922,-0.394331211,-0.526676706,-0.290010972,-0.468501017,-0.533201072,-0.06216737,-0.112954581,-0.796957023
44,0.256075574,2.394539678,0.539618795,-0.305047972,1.929078821,1.979752265,1.188872894,1.60822877,1.155494999,1.831923513,2.338264451,2.081856508,1.551991126,2.587627816
45,0.602236607,-0.039900323,-0.017007103,-0.48349604,0.138261442,-0.00457641,0.243916611,0.200061575,0.370866165,0.501069569,0.575446914,0.450168555,0.341597106,0.317925135
46,-0.557103552,-0.470066838,0.032314179,-0.507782526,0.169957325,-0.270817082,-0.854188178,-0.76277253,-0.898311291,-0.824656221,-1.073975908,-0.776057626,-0.603214365,-0.784857634
47,-0.045190998,-1.419052344,-0.453852745,-0.62767047,-0.25340911,-1.214590698,-0.139740963,-0.005684923,-0.246627196,-0.398259715,-0.601176894,-0.271736027,-0.157275933,-0.6999898
48,-1.574351069,-1.363968406,0.206112982,1.682454973,-0.701679452,-0.433455774,-1.051390193,-0.752472802,-1.299752445,-0.853332824,-1.130267032,-0.859438857,-0.953901011,-1.020236221
49,-2.794629596,2.68669265,2.127294351,-0.362428612,0.799346998,1.187221367,0.237248376,0.597211557,-0.030592879,0.696994591,1.037274725,0.383599867,-0.886423036,3.511583415
50,-2.017327856,0.859691033,0.741601188,-0.496881088,0.258252999,0.56904878,-1.018503049,-0.881598156,-1.118100852,-0.986583428,-0.685130489,-0.824203736,-0.830416789,0.540818235
51,-1.054639001,0.190196858,0.285966487,0.045256501,0.414468421,0.150998486,-2.328040246,-2.184532845,-2.09168647,-1.642406238,-1.644489139,-1.855307545,-2.417479117,-1.384661342
52,0.28266281,1.689813606,-0.188457274,0.023005329,0.908018596,2.405661378,0.114245796,0.320776747,0.106933054,0.555824771,0.214704039,0.256080456,0.224766574,0.042468375
53,-0.411072259,-1.370866938,-0.719248215,1.671472375,-0.894118741,-1.17317553,0.562843186,0.909398043,0.196782009,0.521552606,0.19847885,0.396511619,0.790481986,-0.041963159
54,-0.100892864,-1.656332411,0.727509393,-0.362428612,-0.46169634,-1.770224991,-0.013222105,-0.038523409,-0.10196655,-0.330978688,-0.736694386,-0.492295988,-0.061522341,-1.189914139
55,-0.343328516,-1.085016705,-0.996386847,0.35901261,-0.488864239,-0.91089076,0.102511642,0.178140686,0.075094954,0.124716388,-0.324171693,-0.081994843,0.321595444,-0.384714745
56,-0.268349026,-1.390839064,-0.573633001,-0.986444737,-0.366608691,-0.560296962,-0.566756821,-0.399857784,-0.736336105,-0.690407143,-1.046416084,-0.781437539,-0.460859187,-1.111209175
57,0.167387814,-1.127358471,-0.890698386,0.254916384,-0.636023695,-0.594364111,0.327332921,0.31278507,0.260243886,-0.08929951,-0.173347055,-0.196420069,0.171500032,-0.322711179
58,-0.489493566,-1.164431106,0.083984093,-0.014453082,0.278628923,-0.83340655,-0.826342369,-0.753306463,-0.920786988,-0.964698056,-1.058098954,-0.977988263,-0.818559168,-0.976627015
59,-0.953485662,-0.754075321,-0.273008044,-0.329953518,0.355604639,0.147408125,-1.371366827,-1.468536825,-1.206857443,-1.286105903,-1.456976058,-1.352518291,-1.343188577,-1.064382437
60,-0.057360477,0.89753335,-0.557192574,-0.722512918,-0.203601294,-0.797673323,0.955768172,0.879989134,1.026519783,0.974507984,1.185603399,1.126297638,0.885316281,1.499851145
61,1.202559686,2.402166459,2.88355401,0.086539426,3.475385104,-0.017373622,1.090625697,1.264286846,1.107312681,1.546895619,2.103919599,1.608413358,0.949594243,2.504008266
62,1.053710124,2.731727082,2.629901702,-0.085803185,1.990206595,0.665013004,1.175350691,1.153019731,1.148218575,1.436255783,1.839900503,1.66577146,0.803080056,2.011482799
63,0.729635001,1.232068374,-1.139653429,-0.907754367,-0.742431302,-0.771038614,1.451222878,1.556910475,1.497123051,1.733756642,1.867523356,2.400298702,1.546142903,1.930616193
64,0.049046993,0.396062629,-0.087466078,-1.056707437,-1.242773452,-2.408307699,0.109132782,0.25432734,0.169805941,0.420088221,0.671352524,0.87328602,0.384393672,1.111598159
65,0.006570941,0.299971659,-0.3927883,-0.452409691,-0.599799829,-0.023199785,-0.225530566,-0.338309085,-0.111380013,-0.171985013,-0.121734737,-0.229546716,-0.181325376,-0.193885907
66,1.46155307,3.077695516,3.000985634,-0.001301509,3.221818042,1.868524887,2.621522595,3.236244937,2.120110078,2.965416071,3.565511642,3.42047713,2.641966092,2.645653673
67,-0.166456537,-0.034849435,1.255951701,-0.781558834,-0.570367938,-1.376441231,-0.143541419,-0.424291891,0.008125519,-0.284483601,-0.098722464,-0.159488504,-0.128820488,0.453948318
68,-0.191998694,-0.611720904,-0.211943599,-0.948584723,-1.432948749,-1.59612756,0.025868895,-0.182616079,0.146062105,-0.090553167,-0.0838347,-0.160377832,0.101527231,0.28390626
69,1.021730987,-0.627836939,0.859032812,-0.850775464,-1.333333117,-0.375823792,0.236092224,0.205389832,0.291486462,0.246489727,0.216056599,0.270712559,0.334893875,0.002311314
70,0.372029261,-0.293871128,-0.143833257,-0.661271391,-0.952982523,-0.742665781,-0.0295315,-0.097539583,0.092806339,0.061383753,0.088097575,-0.017181652,0.064005813,-0.035440726
71,0.117799193,2.364701639,1.779696744,-0.049890046,2.216605758,0.339644875,0.698962495,1.030232927,0.677226559,1.176804832,1.66052365,1.588590085,0.794915817,2.474927156
72,-0.657314232,2.354885516,0.741601188,-0.275148865,1.664191801,2.162300062,1.21958963,1.236824354,1.180943602,1.201612951,2.288972266,1.618028862,1.171843707,2.867010464
73,0.235397018,-1.278712519,0.062846401,1.901650497,-1.095613996,-0.760898084,-0.499625785,-0.372939483,-0.729013599,-0.826998627,-0.995909569,-0.875871839,-0.598271467,-1.182533162
74,-0.674129009,-0.006933255,0.687582641,-0.391888327,-0.771863193,0.102785184,0.273350741,1.311538575,0.170227534,0.660372697,0.564120473,0.509300116,0.343974907,1.317726357
75,-0.384005977,-1.147045605,0.971767171,1.92536555,-0.692623486,-1.211362233,-0.55265321,-0.535424985,-0.599503215,-0.635958684,-0.80389445,-0.685150302,-0.432208272,-0.566891307
76,-1.317238092,0.050828244,3.858236489,1.461665247,-0.871478825,-0.398479068,-0.451702464,-0.603980493,-0.390612286,-0.536072318,-0.119014874,-0.27735363,-0.331624313,0.806564944
77,0.428458573,-0.421633167,0.464462555,0.74940682,-2.216289853,-1.587463603,-0.218275289,-0.296639533,-0.17053794,-0.271683978,-0.510944923,-0.217975691,-0.015647234,-0.253390776
78,0.587698661,-0.506241822,0.394003581,0.779328213,-0.106249654,0.659457492,-0.196159568,-0.279191145,-0.151801435,-0.227210517,-0.117901511,-0.193971334,-0.185847113,-0.503533146
79,0.203438074,-1.231693586,-0.017007103,1.892439311,-1.421628791,-0.929464687,-0.510780504,-0.433970841,-0.68736822,-0.783124539,-0.973497466,-0.766381033,-0.495194945,-1.18261578
80,-0.406824885,-0.709351994,0.412792641,0.822066779,-1.260885385,-0.632079362,-0.445668487,-0.418868348,-0.573934102,-0.609449929,-0.789432192,-0.556088311,-0.497939365,-0.189243329
81,-0.326299292,-0.833240305,0.433930333,1.833422466,-1.020902272,-1.112603485,-0.370050519,-0.220421509,-0.49653234,-0.265313741,-0.679141407,-0.454793392,-0.258550661,-0.376891504
82,0.325970945,0.599305878,0.80971153,1.560841765,-0.024745955,0.503205634,-0.236771755,-0.132053429,-0.297784739,-0.114510105,-0.518401804,-0.069015106,-0.08053523,-0.654448064
83,0.966570668,0.370439023,0.50673794,1.586293045,-0.25340911,1.126859181,-0.182758118,-0.138090193,-0.201902402,-0.143144844,-0.151429569,-0.249595849,-0.181372077,-0.365917848
84,0.102785495,-1.057543724,1.908871531,0.538935701,-2.592112463,-1.080826078,-0.358455796,-0.544088734,-0.2512455,-0.455482099,-0.695211811,-0.482991,-0.207583332,-0.272451802
85,0.028532185,-0.259277732,0.520829735,-0.325738598,-1.648027953,-0.645989943,-0.369584099,-0.454561214,-0.303737124,-0.457337422,-0.491444027,-0.446298076,-0.262920482,-0.164853151
86,0.749830188,-0.457069871,0.736903923,-0.737762997,-2.137050145,-0.968232785,-0.081197244,-0.091149826,-0.06825485,-0.12892561,-0.394517651,-0.158211031,0.18017346,-0.455284407
87,-0.225401217,-1.01526986,0.271874692,1.322163646,-1.847259217,-0.63686936,0.418166608,0.383880863,0.343813033,0.045866268,-0.028992655,0.071318563,0.296600359,0.035969669
88,0.945985612,-1.243281012,0.473857085,1.111894596,-2.911335283,-1.743657975,0.10340082,0.159169278,0.024454822,-0.134234787,-0.20369267,-0.319383124,0.075077925,-0.770489534
89,0.482560073,1.195417812,0.055800504,0.819740149,0.188069258,1.870031108,0.518060325,0.666249905,0.574407223,0.871850832,0.58478581,0.598591226,0.764425229,0.33211986
90,0.01647016,-1.098415116,1.063363838,1.10069044,-1.417100807,-0.957521208,0.219901869,0.375196036,0.001769937,0.015600061,-0.114531178,-0.078372951,0.297949063,-0.09590847
91,0.240276291,-1.229942363,0.868427342,1.845951884,-2.023850564,-0.84605498,0.048014526,0.243530293,-0.151633078,-0.264340709,-0.450026087,-0.358541398,-0.03082454,-1.005074999
92,0.157096706,-1.090606164,0.13800264,1.612033794,-1.580108205,-0.711447139,-0.151398715,0.101559947,-0.423413056,-0.099845401,-0.516571532,-0.19123489,0.21988546,-1.150565109
93,-0.002036899,-1.128440739,-0.007612573,1.388136698,-2.272889643,-1.28056241,-0.049395199,0.245211659,-0.367370838,-0.112411236,-0.501700756,-0.22553802,0.111899753,-0.706425263
94,0.107679067,-1.253332952,-0.343467018,1.771365012,-2.68493612,-1.047578779,0.239008687,0.254625444,0.126223535,-0.120982304,-0.285115775,-0.244468941,0.156058115,-0.595599131
95,0.873355723,-0.725097052,-0.470293172,0.567130852,-1.632180012,-0.593676568,-0.303161721,-0.057807119,-0.482002296,-0.208508534,-0.5575289,-0.261724983,0.082048148,-1.206194473
96,-0.355234298,1.565422897,0.464462555,-0.27126003,0.462012245,1.739517211,0.778069541,0.94703785,0.780662739,0.924177393,1.439764541,1.524059558,1.195369991,1.756821844
97,0.838601023,-0.471680566,2.082670334,0.919278226,-0.887326766,-1.15629906,-0.431448423,-0.336573313,-0.447160424,-0.42014271,-0.342277264,-0.08740797,-0.173445378,-0.7839834
98,-1.580420991,1.100352718,1.627035633,1.286018895,0.781235065,1.382135506,-0.321379906,0.001696718,-0.431095504,-0.285666382,1.210582858,0.069565978,-1.038595765,3.494522119
99,1.548499465,-0.505412583,-0.843725736,-0.444855624,0.156373375,0.063472624,0.725763283,0.738046692,0.744666015,0.78273501,0.743279214,0.485754568,0.756089399,-0.312321108
100,1.043809433,-0.385246185,-0.218989497,-0.128419874,-0.060969821,-0.813296837,0.822813164,0.58596492,0.908965152,0.563175882,0.26491632,0.419821946,0.63150477,-0.293502994
101,0.237477007,-0.511382307,-0.012309838,1.44887546,-0.006634022,-0.04739207,-0.251625901,-0.101586898,-0.328702659,-0.149565105,-0.520544003,-0.423033571,-0.268493763,-1.079530144
102,1.325617599,-0.232133511,-0.986992318,-0.846236317,-0.418680499,-0.617638488,1.013912279,0.93046802,1.023780781,0.867212018,0.487755792,0.681818442,0.999179107,-0.26100193
103,0.487256922,-0.539572816,-0.846074369,-1.056707437,0.278628923,-0.820080105,1.051929053,0.70654652,1.131019266,0.510939338,0.303299246,0.376033027,0.62663626,0.117042573
104,0.491909487,0.065336147,-0.113301035,-0.257821968,0.699731366,0.75278287,0.954017437,0.588048013,1.076220538,0.6436685,0.49028951,0.459350766,0.786453018,0.41095913
105,0.068768112,0.006066433,-0.585376163,0.794816451,0.500500103,1.195156433,0.758722906,0.648663615,0.800547623,0.631599543,0.793541657,0.280055711,0.544581918,0.730445074
106,1.440308558,0.18804745,-1.242993258,-0.689403915,0.57973981,1.158243667,0.972763437,1.086954091,0.945307227,1.155949424,0.904224528,0.835433507,1.020963786,-0.019291015
107,1.111329815,0.199774935,-0.251870351,-0.131568835,0.475596195,0.531717966,0.851474742,0.646627463,0.939353835,0.70456262,0.969883962,0.470442163,0.792419206,0.269989958
108,1.039095279,-0.43263414,-0.566587104,-0.959188063,0.208445183,-0.865212408,0.933214909,0.825708418,0.926630525,0.64817025,0.325981457,0.476677024,0.770071612,-0.249043086
109,0.488472274,-0.131567963,-0.132090095,-0.510535471,-0.076817763,-0.129598181,0.138837509,0.188443252,0.111577873,0.139349583,-0.017981254,-0.082624053,-0.03929088,-0.750674953
110,0.037178403,0.946737417,-0.909487446,-0.105257218,1.360816922,1.371630487,-0.730359244,-0.566842309,-0.805832237,-0.474648214,-0.79698555,-0.556397184,-0.418769487,-0.701884796
111,-1.908138016,2.377433944,0.332939136,-0.145922836,1.458168562,0.39276568,-2.901857136,-2.506648933,-3.132903756,-2.470653448,-2.337765154,-2.213887608,-2.433674592,-1.363187306
112,1.491177939,0.803019976,-0.538403514,0.077322307,1.546464236,1.839856388,-0.444729482,-0.39894249,-0.393297346,-0.302488127,-0.053486726,-0.081801772,-0.261978107,-0.893330306
113,-1.093409667,1.707943544,-0.630000181,-0.315314431,1.10724986,-0.027690368,-0.866978608,-0.624008817,-1.048317716,-0.743689135,-1.094586131,-0.626890781,-0.58617035,-0.549457541
114,-0.580188459,0.302375247,-0.679321463,-0.189181594,1.082345952,-0.098050528,-1.838280383,-1.853541753,-1.75798838,-1.714162129,-1.86925596,-1.815553596,-1.759810793,-1.508568842
115,-0.107728607,0.333816047,-0.148530522,-0.248383708,1.331385031,0.021162751,-0.666350128,-0.525570664,-0.786098436,-0.840196751,-0.821765003,-0.957558768,-0.835598983,-0.724434297
116,-0.460791729,1.069468074,-0.277705309,-0.117512177,1.10724986,-0.363802808,-1.010473537,-0.817518472,-1.017297121,-0.737185684,-0.823741405,-0.803126669,-0.731970752,-0.629214345
117,-0.004391541,0.592807631,-0.824936676,0.246832371,1.129889776,0.358697839,-1.14573008,-1.183772037,-1.034892937,-1.018236121,-1.153761914,-1.034924705,-1.143760476,-0.929535648
118,0.72498495,-0.19417737,-0.829633941,-0.24092649,1.043858094,-0.086037047,-0.766443055,-0.60932877,-0.846319419,-0.693964998,-0.972713834,-0.712717458,-0.556570466,-1.30767523
119,-1.250103046,1.188593345,-0.120346932,-0.085803185,1.358552931,-0.376559977,-0.381072189,-0.12113203,-0.487616467,-0.055601539,-0.710651413,-0.174269159,0.111165178,0.008033242
120,-0.73132976,0.789819818,-0.620605651,-0.235386868,1.104985868,-0.347907967,-1.037375502,-0.936296394,-1.065874874,-0.947325024,-1.27929897,-1.031786971,-0.818846572,-0.902694865
121,0.735610521,-0.830462877,-0.728642745,-0.358007749,1.283841207,-1.276368552,-0.708951231,-0.480008957,-0.800658853,-0.495062016,-1.135097132,-0.629427724,-0.396339715,-1.446790749
122,-1.002535508,2.141178764,-1.275874113,-0.342757671,1.09366591,-0.304199887,-1.24250415,-1.079314252,-1.413261332,-1.239688077,-1.237358429,-0.967939898,-1.255630023,-0.788847446
123,0.683783012,-0.528158479,-2.771953002,-1.056707437,-0.796767101,-0.346609626,1.02977434,0.917966328,1.070470776,0.945092477,0.766196535,0.77573024,0.925427961,0.447371414
124,-0.652536834,0.001272108,-0.092163343,-1.06290474,-0.731111343,-0.798127084,0.989188578,0.784207717,1.043406232,0.688180279,0.468503749,0.567694363,0.850676053,1.190539843
125,0.258849074,-0.03427547,-0.592422061,-0.371357687,-0.088137721,0.045441185,1.11794821,1.051982585,1.133604024,0.985714451,0.826123626,0.898564523,1.241453298,0.675338626
126,-1.596306408,0.124083523,-0.378696505,-0.568078397,0.489180145,-0.063406504,0.426898805,0.465275641,0.498428924,0.545777913,0.687905818,0.074243811,0.255385421,1.973266794
127,0.570705787,-0.699012164,-0.637046078,-0.48349604,-0.846574917,-0.223050547,1.024445283,1.020860133,1.064943351,1.123469061,1.105863517,0.872711126,0.943997421,0.859525848
128,-0.11117121,-0.486756083,-0.258916249,-0.661271391,-0.303216925,-0.747321076,1.060639563,0.938911844,1.122704446,0.990055412,0.895508813,0.815356536,1.105304509,1.210996167
129,0.948115713,-0.193790434,-0.841377104,-0.647630731,-0.506976172,0.264940838,0.807605993,0.767428031,0.834157887,0.847779704,1.215065935,0.715567344,0.540779077,0.597693523
130,1.45126231,-0.873677312,0.105121786,-0.387271983,-1.199757611,-0.807105052,0.297800565,0.277311402,0.327056574,0.250827059,0.136709552,0.305891813,0.204020161,-0.556074097
131,0.624081373,-0.361342604,0.098075888,-0.535827838,-0.706207436,-0.330729122,0.788162964,0.681597637,0.800275981,0.619272458,0.366066906,0.432384527,0.820820177,0.105008084
132,0.277252489,-0.941609263,-1.379213942,-0.997661521,-0.896382732,-0.450983113,1.298435307,1.006596149,1.33794531,0.720143014,0.483784383,0.551407439,1.022066172,0.543617137
133,-0.256843929,-0.200211742,0.060497769,-0.864577973,0.477860187,-0.504872336,0.110660712,0.018291073,0.152854796,-0.088254771,-0.233860833,-0.089782145,0.089719995,-0.029726327
134,1.079189373,-1.048462744,-1.268828215,-0.475589931,-1.002790339,-1.344079717,0.983786605,0.886656752,0.980926244,0.682819419,0.31328344,0.448369055,0.840323393,-0.19943705
135,0.794026358,-0.386855705,-0.977597788,-0.711296134,-0.654135628,0.055934577,0.961182697,0.73664688,1.03484158,0.700800087,0.473315311,0.476520929,0.875140933,0.123953853
136,0.870064351,-0.774483395,-1.118515736,-0.87866706,-1.611804087,-0.602197711,0.395924167,0.438091363,0.340748296,0.326966761,0.15673034,0.511171106,0.388177232,-0.421236199
137,0.478634054,-0.523720594,-0.115649667,-0.538697187,-0.602063821,-0.68597321,1.053335254,0.922467056,1.129885742,0.970547866,0.828552107,0.918762695,1.005519596,0.733021767
138,1.256679029,0.941192528,-0.085117445,-0.452409691,0.625019643,1.694843737,1.141626486,1.281255622,1.171712736,1.497565768,1.415984577,1.329029063,1.192565328,0.796118308
139,1.298317385,-1.050541698,-1.830151378,-0.518861955,-1.491812531,-1.590710985,0.802578495,0.57452647,0.879438054,0.525074576,0.143317027,0.234637293,0.683430078,-0.317482553
140,1.058964678,-1.050285831,-0.963505993,-0.737762997,-1.442004715,-1.405209374,0.397575848,0.454196051,0.341317095,0.263350534,-0.058253496,0.067579797,0.462644796,-0.50091334
141,0.176873906,-1.003570992,-0.458550009,1.606207824,-0.83751895,-0.242894543,-0.143886438,-0.212028184,-0.188937176,-0.705140762,-0.744025442,-0.522316003,-0.57600803,-0.653690675
142,-1.104038108,0.617079444,1.253603069,-1.04448008,0.604643718,-0.267988259,1.472307296,0.737595002,1.628592331,0.882141697,1.056496225,1.06805325,0.908696273,1.7256177
143,0.879734182,-0.738135429,0.236645205,-1.088275917,-0.049649863,-0.695302385,0.173292183,-0.003437839,0.197694956,-0.090982552,-0.097173149,-0.177794847,0.01263469,-0.271126619
144,-0.162960397,0.549792655,0.490297512,-1.014842184,0.165429342,0.216535494,0.449404439,0.423481769,0.435353787,0.321681871,0.189324696,0.38957761,0.408230191,0.701433269
145,0.025218582,-0.111820939,-0.493779497,-0.864577973,1.211393475,-0.164845135,-0.237583668,-0.623314816,-0.030807019,-0.481809061,-0.556944071,-0.603830033,-0.400761347,-0.098412964
146,0.790786755,-0.289610919,-0.395136933,-0.810976441,0.640867584,-0.056303292,0.213899743,-0.150995334,0.378472222,0.001525226,-0.014876152,0.081937011,0.133408623,-0.141780683
147,-1.219129391,-0.067176398,-0.984643685,-0.859945874,0.808402965,-0.260326386,0.552231065,-0.031384821,0.709063709,0.115787549,0.146169437,0.03003559,0.02251091,1.614880908
148,-4.042017803,-0.39445463,2.120248454,0.297315637,0.638603592,-0.21334309,-0.26396186,0.044733265,-0.85470119,-0.338153029,0.11633777,-0.67996345,-0.883812124,1.955855552
149,0.193952249,-0.063443091,1.107987855,-0.922779334,0.523140019,0.12010361,-0.204769219,-0.204603441,-0.288468261,-0.482401757,-0.404008684,-0.522055761,-0.342346115,-0.514469933
150,-0.293436023,-0.535268296,-0.632348813,-1.075471765,0.6635075,-0.901238554,-0.506895142,-0.941346213,-0.275417713,-0.785023563,-0.829652453,-0.703478542,-0.874935037,0.234529009
151,-0.765319608,-0.248186835,1.40626418,-1.075471765,0.754067166,-1.253755585,-0.330370665,-0.214470534,-0.303130202,-0.091313821,-0.488506592,-0.362407873,0.157250364,0.719747554
152,1.397806688,1.735761666,0.088681358,-0.689403915,1.768335416,2.64511961,1.368134995,1.383328504,1.481128393,1.796323619,1.943298841,1.953712709,1.179083059,1.200970839
153,0.752468492,0.153993889,-0.72394548,-0.964552518,0.550307919,-0.077775652,-0.139323853,-0.41085889,0.074923733,-0.114257328,-0.128491891,-0.295714835,-0.387651948,-0.085908874
154,-0.147725261,-0.275694941,0.013525119,-1.032469148,0.145053417,-0.447578611,-0.131995707,-0.206408186,0.004320196,0.121287377,0.509943712,0.101087627,0.046017619,0.695207858
155,-0.976536043,-0.020247389,0.854335547,-0.897919413,0.285420898,-0.889292943,0.077332575,-0.304308139,0.297030176,-0.021560662,0.003422209,0.091127803,-0.078005539,1.392728392
156,0.603297863,-0.082337742,0.145048538,-1.06290474,0.550307919,-0.556665599,0.615505403,0.330789299,0.711878652,0.230025934,0.023404009,0.067419932,0.491597831,-0.034797824
157,0.412262374,0.143329571,-0.09920924,0.599057906,0.98273032,0.4531965,-0.250700651,-0.248267192,-0.206909271,-0.165104118,0.952715394,0.242817934,-0.226648155,0.708016462
158,0.795287903,-0.499686845,-0.907138813,0.303162073,0.285420898,-0.287922171,0.373301179,0.347333593,0.38481256,0.275076451,0.114923549,0.128241178,0.455826847,-0.48750833
159,1.029092786,1.186790488,-0.496128129,-0.62114542,0.754067166,1.951498426,0.89262656,1.236697733,0.92861841,1.632077598,1.527443633,1.705910236,0.79482305,0.866676674
160,0.548215683,-0.333997673,0.485600248,-0.444855624,-0.937134582,-0.340298164,0.220419635,0.231231211,0.220162668,0.167294232,-0.142488632,0.520039187,0.567290019,-0.861082164
161,1.046049791,-0.170353022,0.523178367,-0.975410348,-0.776391176,-0.124499507,0.63600285,0.372695912,0.755367671,0.483448439,0.15598601,0.360270242,0.625805074,-0.453599144
162,0.586213645,-0.662205157,0.260131529,1.37558224,-0.371136674,-0.707536252,0.184443512,0.309016153,0.114544262,0.18514586,-0.252218968,0.005584488,0.362365851,-1.06914136
163,0.333672359,-0.72811351,0.182626658,-0.992029953,-0.728847352,-0.229933454,0.74011519,0.340075049,0.867832313,0.294855887,-0.007778625,0.164439022,0.450217879,0.039451206
164,1.033979666,-0.852709605,0.567802384,0.24320833,-1.204285594,-0.937698961,0.431355542,0.180078232,0.507005185,0.076635003,-0.068290718,-0.051445261,0.315607971,-0.723827521
165,-0.023181048,0.157877561,-0.357558813,-0.87866706,0.111093543,1.250462746,0.765619243,0.589860135,0.873844785,0.790053914,0.847199978,0.963993012,0.750555183,0.944778537
166,-0.108843624,-0.742317037,-0.049887958,1.83629439,-0.848838908,-0.338530033,0.331456651,0.579007868,0.085890276,0.200674028,-0.064452595,0.155224662,0.361259154,-0.445942889
167,0.478749776,-0.438010623,-0.498476762,-0.912725818,-0.051913855,-0.311975002,0.165270941,-0.002155357,0.261962791,0.071242644,-0.082509954,-0.115870638,0.105416205,-0.066768899
168,0.688339946,-0.70379952,0.74394982,0.519869303,-0.964302481,-0.789363599,0.35064791,0.100566539,0.452361231,0.041253115,-0.238928505,-0.037265852,0.211220263,-0.689935202
169,0.74752426,-0.081820415,0.389306316,-1.014842184,0.1767493,-0.022084848,0.537426235,0.384055086,0.604920469,0.443587401,0.300257372,0.799709651,0.468488898,-0.166288695
170,-0.719503493,-0.809668206,-0.270659411,1.819768082,-0.674511553,-0.279718837,0.36547329,0.487038812,0.256845705,0.274191766,0.364689541,0.131919382,0.402772594,0.289637608
171,0.35491875,0.531044025,-0.268310779,-0.855345178,0.310324806,0.39019524,0.324085377,0.427199068,0.343830407,0.553559833,0.310513048,0.455233895,0.470185384,0.054453629
172,0.550388726,0.922272297,-0.362256078,-0.707598033,1.050650069,1.130525264,0.816083004,0.648389605,0.886180084,0.70540356,1.04922416,0.764477597,0.715545489,1.269581433
173,0.600297027,0.197748983,-1.560058643,-1.00906683,-0.287368984,0.179611266,0.329360409,0.391452113,0.340495239,0.475141855,0.334855917,0.331353661,0.577575703,0.087715688
174,0.500777459,0.254374136,-0.67697283,-1.032469148,-0.613383779,0.26745608,0.479985811,0.473299462,0.550389875,0.623451383,0.507625204,1.234963595,0.607026775,0.455480421
175,1.172665784,1.786767554,0.410444008,-0.577146683,1.63475991,2.776821287,1.766699113,2.035951183,1.827485586,2.479624427,2.896722916,2.428379669,1.552001768,1.955560143
176,1.067050995,0.491160541,-3.730195054,-0.948584723,-0.273785034,0.276808403,0.48211551,0.450612136,0.548115717,0.605316641,0.581275708,0.773166142,0.563124959,0.413355321
177,0.5808866,0.05146633,-0.881303856,-0.980905115,-0.74016731,-0.930903312,0.286122485,0.313969076,0.282647603,0.324004964,0.197427888,0.4383658,0.542891983,0.109943535
178,1.472477358,1.326306604,-0.341118385,-0.765304166,1.858895081,1.303981545,1.188332962,1.41121872,1.220328232,1.646509011,1.919675,1.480651193,0.817393976,1.465502253
179,0.556835627,0.481835112,-1.3111036,-0.992029953,-0.094929696,0.020587859,0.759547583,0.7281503,0.809606086,0.769445713,0.625409959,0.6997346,0.75095616,0.639514497
180,0.917683807,1.340259041,0.523178367,-0.726293429,1.390248814,1.157411985,1.168040751,1.269863836,1.16540224,1.473260516,1.61928289,1.657905604,0.97081449,1.543946815
181,1.250185501,0.337822912,-1.022221805,-1.038448041,-0.55904798,0.218723469,0.619058025,0.509332249,0.71223783,0.65604419,0.66792976,0.435473245,0.635513662,0.252691567
182,1.063751467,0.265805216,-1.043359497,-0.997661521,-0.090401712,-0.128830705,0.065545273,-0.17012917,0.208609927,-0.105372511,-0.103809436,-0.101106216,0.029808685,-0.203683878
183,0.517627095,0.546431355,-1.996904284,-0.897919413,0.375980563,0.65436918,0.743444656,0.753846221,0.829507027,1.010941379,0.928314691,0.65462198,0.579567057,0.948143273
184,0.115222953,0.852286819,-0.09920924,-0.810976441,1.193281542,1.05876933,0.829364864,0.721138455,0.935080563,1.079411671,1.160202161,1.003566001,0.732520542,1.464203843
185,0.370838761,-0.596495151,0.729858025,-1.003340215,-0.801295084,-0.616406833,-0.132560349,-0.084069582,-0.096313905,-0.185596783,-0.431081013,-0.11533677,0.167042296,-0.775063366
186,1.22258114,-0.577484669,-0.458550009,-0.773382832,-1.494076523,-0.596882401,-0.10658215,0.002324177,-0.199642325,-0.162553073,-0.397241448,-0.096142328,0.018812787,-1.203635464
187,0.602319514,-0.573659185,0.586591444,-0.841727331,-0.649607645,-0.570594655,0.040664955,0.235049493,-0.037774604,0.202070477,-0.065224195,0.300182384,0.189477773,-0.691965234
188,-0.639570471,0.521013866,0.699325803,-1.06290474,-0.23982516,0.447202537,0.224153799,0.369692354,0.202098341,0.373756546,0.339465336,0.651774209,0.326997026,0.795715295
189,0.583163077,-0.28551066,-0.531357616,-0.992029953,-0.572631929,-0.290435802,0.172003843,0.316796564,0.179646109,0.460851329,0.28923568,0.663410037,0.3740085,-0.286150575
190,0.655134679,1.070730768,0.896610932,-0.897919413,-0.058705829,2.08326727,0.844003996,0.928068951,0.933831035,1.297420784,0.984885436,1.068817082,0.872427789,0.673673125
191,-0.46540317,0.688386945,-0.709853685,-1.00906683,-0.511504155,-0.396317183,0.46845671,0.495807383,0.408651217,0.430159608,0.327903403,0.419821082,0.659085173,0.771572081
192,0.953201754,-0.449401534,0.269526059,-1.003340215,-1.165797736,-1.029644886,0.072561159,0.2141737,0.009036208,0.17379477,-0.167296667,0.129062389,0.210388171,-0.719687957
193,-1.011599126,0.828691336,1.180795462,-0.927862504,-0.223977218,0.167261632,0.165410769,0.066531713,0.229235086,0.073896411,0.057898377,0.331784255,0.279257877,0.967557418
194,0.73590779,-0.691792457,0.769784778,-1.06290474,-0.808087059,-0.656350487,0.087029649,0.124790372,0.127240824,0.249329933,-0.108817556,0.028501026,0.295189323,-0.579566413
195,-1.025174248,0.001342807,1.197235889,-0.893054877,-0.697151469,-0.323395947,0.351126554,0.658730313,0.333068289,0.83809639,0.494479447,0.706163558,0.585148914,1.039404853
196,-0.362822653,0.057545863,-0.547798044,0.001298494,1.236297383,-0.069178222,-0.753051275,-0.635739094,-0.873956213,-0.787282886,-1.151797544,-0.909191542,-0.637133335,-1.017125205
197,-0.866710454,1.604749317,-0.357558813,-0.17895125,0.962354396,0.152845519,-0.857925985,-0.73033616,-0.890978578,-0.748294153,-0.801783469,-0.718789696,-0.601041402,-0.425804783
198,1.12560098,0.472623255,-0.806147617,-0.093219652,1.32912104,2.101172958,-0.007540705,-0.059324749,0.109877693,0.170940884,0.567081041,0.356756047,0.114413106,0.11536887
199,0.505782816,0.522253369,-0.71455095,0.409192852,1.252145324,0.912171807,-0.640246434,-0.641014054,-0.5133651,-0.382928942,-0.587705528,-0.319217231,-0.270749974,-0.856408614
200,-0.975436473,0.190982628,-0.477339069,0.275148341,1.240825366,-0.275294581,-0.214168356,-0.230510549,-0.110917637,-0.066280861,-0.413426324,0.136255921,0.1850828,0.245176416
201,0.208713737,-0.34188021,-0.655835138,0.28887523,1.123097801,-0.173125737,-0.279939731,-0.263008336,-0.199404113,-0.059684775,-0.44463671,-0.070079644,0.008559787,-0.439831208
202,0.027710245,-0.515161015,-0.782661292,-0.168872848,1.148001709,-0.409786976,-0.71566197,-0.770495809,-0.578809678,-0.490792475,-0.922521349,-0.720762936,-0.510186342,-0.760998913
203,-0.212397365,0.342686094,-0.418623257,0.409192852,1.363080914,0.165818125,-0.456871257,-0.443100002,-0.406690217,-0.3195565,-0.107951619,-0.301695364,-0.110774033,-0.104699411
204,-0.238542506,1.342369186,-0.679321463,1.318634584,1.433264654,1.07871338,-0.944079879,-0.881281973,-0.94535547,-0.936852035,-0.433822864,-0.866529813,-1.129524183,-0.378971361
205,0.291832118,1.156638354,-0.590073428,0.756692144,0.765387124,0.924222169,0.117357809,0.248516868,0.118811265,0.310239442,0.212307045,0.189924999,0.377324101,0.201516928
206,-0.55658839,1.577326822,-0.228384026,1.230887291,1.347232973,0.764227357,-0.458197241,-0.290415312,-0.436052899,-0.100716743,-0.227433592,-0.067545969,0.072468309,0.118922521
207,0.089952345,-0.543940564,-0.524311719,0.297315637,0.097509593,-0.404309782,-0.237457775,-0.068468701,-0.269564891,0.018584976,-0.2831275,-0.323816527,0.035966836,-0.564415156
208,0.971889282,1.580828678,-0.867212061,0.183418743,1.2046015,2.114509669,0.491459511,0.712489826,0.510864349,0.927936373,1.256645146,1.091754299,0.71273246,0.643285769
209,-0.155891161,0.75671567,-0.618257018,1.297642358,0.930658513,0.368445203,-0.747704657,-0.404838497,-0.815730787,-0.336697283,-0.47911935,-0.355111273,-0.163265784,-0.357499547
210,-0.306008698,1.418161131,-0.780312659,1.141301489,1.163849651,1.190058283,-0.298980315,-0.196627502,-0.224438554,0.009199996,-0.010394425,-0.036353828,-0.004000253,0.155200063
211,-0.486855162,0.296526592,-1.095029412,0.745084513,0.821986914,0.463304286,-0.193108435,-0.034985607,-0.25631121,-0.040085018,-0.578531926,-0.184688159,0.155164195,-0.423099202
212,-0.076800079,-0.343400034,-0.470293172,1.150429696,0.199389216,0.00463748,0.107814296,0.241765184,0.05403871,0.244006248,-0.044231468,0.147530649,0.471558886,-0.193165007
213,0.119659596,0.026602043,-1.207763771,1.143233447,0.819722923,0.762249696,0.218555073,0.189432923,0.258278489,0.351270279,0.134030022,0.194068971,0.495756198,-0.024850407
214,-0.462837107,0.496853027,-0.467944539,0.282046494,0.889906663,0.54352447,0.128878911,0.261176405,0.145450113,0.369788289,0.238566657,0.503405988,0.447020037,0.70389669
215,-0.786374441,1.085518852,-0.822588044,-0.055509954,1.170641625,0.991119148,0.225572044,0.407100331,0.180060911,0.465844608,0.235836469,0.428409315,0.755395914,0.648291396
216,1.1869106,1.736002264,-0.806147617,0.470369382,1.308745115,2.279139721,0.672496622,0.869644379,0.657512061,1.031278102,1.090658669,1.42461708,0.944381331,0.281665615
217,-0.037287131,-0.307196012,-0.608862488,1.014281083,0.878586705,-0.453831506,0.013032749,0.0446553,0.033055733,0.129950198,-0.010874045,0.04267302,0.309647127,-0.474287357
218,-2.797139985,1.581766457,3.409647685,1.100947145,1.369872889,1.369889985,-3.46084393,-3.638861244,-3.135946393,-3.110678305,-2.613832842,-3.040165904,-3.70893815,-1.61441111
219,-0.06540523,1.877387448,0.302406914,0.167356456,0.862738764,1.362461972,-1.020999403,-0.959798128,-0.934155191,-0.766552409,-0.646127161,-0.713857323,-0.897282586,-0.336741922
220,-0.582857819,0.058366647,1.824320761,0.204901399,1.1774336,-0.162889781,-1.880107102,-2.223589656,-1.683860964,-1.992529232,-1.832054838,-1.846602382,-1.905170269,-1.330025935
221,0.487378723,-0.365630365,0.133305376,1.026419907,0.708787333,0.003283772,-1.188888275,-1.132671316,-1.230263389,-1.290059973,-1.377132525,-1.483377194,-1.389298766,-1.549926912
222,0.022458401,0.881206339,-0.312934796,0.661188677,0.994050278,2.181592573,-0.264383941,-0.325751642,-0.137288133,-0.1105416,0.032360574,-0.033207693,-0.391747101,0.075978199
223,-0.384678546,1.469584621,0.361122726,1.074516738,0.70425935,1.831905786,-0.215491859,-0.218619813,-0.074399034,0.019292336,0.247613937,-0.088939861,-0.027469954,0.754476944
224,-1.070196171,-1.048083813,-0.265962146,1.30528218,-0.919022649,-1.293127396,-0.870248308,-0.831392468,-0.85713932,-0.88231617,-0.788660971,-0.832463486,-0.893682751,0.086684421
225,-3.067788142,-1.327580259,1.173749564,1.964719991,-1.600484129,-0.403597922,-2.05664612,-2.084841659,-2.111364609,-2.126585606,-1.156997098,-1.964491339,-2.297405867,-0.538101959
226,-2.245780761,-0.895227632,0.119213581,1.98928099,-2.506080781,-1.577868384,-2.647667024,-2.742572742,-2.577610408,-2.718273137,-1.819795348,-2.227971624,-3.056072066,-1.434725422
227,-2.610375988,-0.855929213,0.361122726,1.712501512,-0.246617135,-0.139150633,-2.175636283,-2.210423056,-1.93740956,-1.798334645,-1.668470984,-1.842579851,-1.858972615,-0.64953825
228,-0.782878872,-1.438321291,-0.014658471,1.465875498,-0.579423904,-0.56700805,0.118274739,0.167822562,0.01965785,-0.205490951,-0.317440449,-0.240962769,0.034366087,-0.273062433
229,-2.072645844,-1.108424195,-0.183760009,1.81878854,-0.92128664,-0.419307869,-2.196551469,-2.450299518,-1.896156418,-2.091095161,-1.680253119,-2.049457275,-1.982503577,-0.857097492
230,-1.957888176,1.324085473,4.699046917,1.290886223,1.041594103,0.821678391,-3.210455785,-3.445988888,-2.995551583,-3.043832231,-2.763522992,-2.960352663,-3.549240291,-2.000053374
231,-2.680517224,-1.270794507,-0.618257018,1.968232533,-1.367292991,-0.350128296,-1.436228686,-1.282800879,-1.468067873,-1.224771875,-1.432547759,-1.378920383,-1.241525806,-0.499257706
232,-0.269607644,0.953235611,0.121562213,1.113911988,0.319380773,1.335862538,0.280737247,0.268410291,0.27428131,0.210003336,0.408296599,0.011425502,0.368405317,0.583126362
233,-0.074085616,-0.749856698,1.530741701,-0.715014499,0.081661652,-0.885775536,0.108143461,0.129942634,-0.0361949,-0.373808163,-0.517177416,-0.410265814,-0.046955427,-0.848871296
234,0.313393123,-0.352771092,0.264828794,-0.855345178,0.609171701,0.220582597,-0.041445095,-0.156021787,0.001413863,-0.215063757,-0.092587985,-0.374513826,-0.062979993,-0.249219779
235,0.218938642,-0.604693772,0.072240931,-0.883429184,-0.056441838,-0.222329414,0.034909298,0.154499076,-0.040231172,-0.102410978,-0.234045891,-0.158716456,-0.025765626,-0.724858642
236,-0.204089458,-1.174775266,1.286483923,-0.869241909,0.60690771,-0.450392436,-0.018560395,0.036631463,-0.132475348,-0.413985927,-0.651265919,-0.571724863,-0.139649298,-0.757621168
237,-1.36002738,0.613384843,0.45037076,-0.927862504,0.78802704,-0.32529026,0.343654903,0.776210152,-0.122376957,0.229825239,-0.282683929,-0.145537565,0.470271273,0.758827507
238,0.707965285,-0.926375908,-0.583027531,-1.056707437,0.686147417,-0.598024951,0.610425789,0.500987751,0.661217633,0.392225215,0.609089302,0.364169713,0.441656881,0.232684255
239,1.235807356,1.263466348,-0.082768813,-0.611473998,1.034802128,2.353914255,1.263670487,1.179352339,1.377162465,1.567855845,2.084834248,1.493207392,1.017083518,1.308599481
240,0.666942861,-0.404653856,0.001781957,-0.959188063,0.514084053,0.449071842,0.784416801,0.795847238,0.784693444,0.760507064,0.812302358,0.634598412,0.731623066,0.262666386
241,-0.280667343,0.054728173,1.216024949,-1.081843642,0.615963676,0.196522873,-0.37179811,-0.618344903,-0.224086347,-0.628484891,-0.41756033,-0.891858713,-0.639311025,-0.635203114
242,0.197499216,-0.0000178,1.490814949,-1.04448008,0.588795777,-0.019246308,-0.139904593,-0.398286198,-0.062152619,-0.73436173,-0.818400691,-0.825433989,-0.490259746,-1.241116141
243,0.32291793,-0.099539703,-1.052754027,-0.815285027,0.016005894,-0.047612769,0.886288339,-0.050666624,1.116620376,0.102313307,-0.110618945,0.020759304,0.189078543,0.110909066
244,0.766218205,-0.255245586,-0.707505052,-0.550297468,0.088453626,-0.493870222,0.83745405,0.284667809,1.014358117,0.396682071,0.618134043,0.37830956,0.557328239,0.339926423
245,-0.361180214,0.738116158,-0.684018728,-0.927862504,0.326172748,1.448514711,0.298845809,-0.283493033,0.478988645,-0.368071446,-0.280223007,-0.281163085,-0.254660269,0.434542561
246,1.211718813,-0.725464618,-0.96115736,-0.733918227,-1.034486222,-1.116325081,0.845550964,0.309751519,1.018914733,0.417948784,0.167046281,0.250590698,0.512916068,-0.164667871
247,0.992387489,0.998391416,-1.064497189,-0.410674301,0.711051325,2.132957632,1.314193757,1.06584466,1.441068445,1.370833879,1.477502789,1.266933731,1.07318212,0.888348921
248,1.183552195,-0.259778966,-0.381045138,-0.794010559,-0.162849444,-0.035683554,1.145119417,0.732158347,1.310106566,0.906684398,0.735412421,0.740393522,0.696922612,0.392983698
249,-0.864636385,0.239699372,-0.99873548,-0.917733958,-0.006634022,0.298869549,0.741547081,-0.069781914,0.947536643,-0.00517056,0.001117241,-0.009668899,0.205478384,1.308109166
250,0.809940599,-0.616809866,-0.580678898,-0.66819594,0.05222976,-0.198632524,1.102987855,0.465717588,1.272221227,0.501978219,0.302430091,0.283413238,0.700807971,0.075173896
251,1.426518906,-0.137949723,-0.505522659,-0.869241909,-0.468488314,-0.364226329,0.67251636,-0.007915528,0.878341047,0.056313284,-0.085656131,-0.116251144,0.202297533,-0.414089259
252,1.268047518,1.07688278,-0.928276506,-0.696623131,0.502764095,1.660082656,1.115040831,0.604669972,1.274532399,0.659576384,1.104196579,1.049152168,0.815582675,0.524286153
253,-0.003475325,-0.019304619,-0.775615394,-1.026542473,-0.147001503,0.320419384,0.890935108,0.14920002,1.093754091,0.154024164,0.212282781,0.09193844,0.343800023,0.66635639
254,0.751225456,0.171985717,-1.386259839,-0.559129696,0.167693333,0.624680697,0.927714751,0.429376326,1.089533471,0.570790283,0.521181532,0.342012175,0.490558144,0.53663258
255,1.314766618,-0.026528241,-0.698110522,-0.907754367,0.1495814,0.323539282,0.80795172,-0.106810155,1.033947776,0.01181038,0.165644157,0.119724389,0.067761859,-0.00822466
256,-0.001973393,0.63236548,-0.935322403,-0.700261745,0.853682797,0.831309088,0.94552872,0.525304867,1.073696373,0.472189825,0.807025866,0.572095722,0.587513099,0.965554995
257,1.017458097,0.460126106,-0.775615394,-0.927862504,0.790291032,0.904680798,0.842471972,0.225033037,1.022310882,0.28578729,0.434202384,0.291254825,0.44428936,0.044701893
258,0.317125118,-0.005614,0.788573837,-0.907754367,0.036381819,-0.195209258,0.82191739,0.349716714,0.98278698,0.448937033,0.809334436,0.476968884,0.592982234,0.883153766
259,0.535203377,0.919210497,-1.149047959,-0.832798255,0.299004848,0.937828452,1.000545758,0.543617638,1.154730696,0.59055082,0.508435835,0.677876769,0.711180115,0.478491592
260,2.356077902,2.451253274,0.154443068,-0.58942937,1.625703943,2.503691538,2.254660251,2.603872664,2.205182748,2.881719333,3.304911167,3.186624933,2.44231305,1.571280282
261,0.191845876,-0.326164114,-0.042842061,-0.761300615,0.344284681,0.061710783,0.460618568,0.269806674,0.525944618,0.135897385,-0.159789179,0.083540865,0.364432967,-0.452176298
262,0.186285407,0.439271966,-0.409228727,-0.969959717,0.226557116,0.101912945,0.45487403,0.597292852,0.396103534,0.601817226,0.51926578,0.405220412,0.419609314,0.122110263
263,-0.234440772,0.212597497,-0.698110522,-0.964552518,0.618227668,-0.265646382,0.346116801,0.025007857,0.506708982,0.122223695,-0.228119616,0.092735912,0.229456241,-0.095753746
264,0.162872542,-0.192206645,0.823803325,-1.014842184,0.126941484,0.42971886,0.252642202,0.163770137,0.3572024,0.346185961,0.304555901,-0.073528041,0.161799204,0.011344061
265,0.481003825,-0.388002439,-0.35521018,-1.020667112,0.253725015,-0.085196946,0.276799641,0.208275103,0.29198671,0.154359431,-0.19306682,-0.186375699,0.200554064,-0.631882786
266,0.316502529,-0.555599081,0.539618795,-1.107946859,-0.151529486,-0.598429573,0.166520562,0.146811644,0.134854124,-0.110878578,-0.322281473,-0.190698306,0.075212093,-0.685057677
267,-0.553108414,-0.066321983,0.877821872,-1.069159162,0.142789426,-0.879095511,0.131425327,-0.083829246,0.280659415,0.107186672,-0.287573096,0.086109159,-0.003893055,-0.059730952
268,0.450750434,2.055905596,-0.132090095,-0.819621143,1.018954186,2.334153552,0.833703509,1.052585618,0.877083181,1.36839658,1.175816685,0.992022245,0.855268468,0.911040421
269,0.098332508,-0.558887346,0.215507512,-1.06290474,-0.205865285,-0.333724448,0.399096392,0.403168272,0.38014871,0.269746014,0.030656389,-0.165713181,0.097483543,-0.521459799
270,-0.805842536,0.737308577,0.560756487,-0.975410348,0.502764095,0.051466515,0.441949075,0.158377405,0.586668428,0.165780131,0.143025364,0.193399043,0.377168737,0.688859924
271,0.675434833,-0.576117344,-0.399834197,-1.020667112,0.246933041,-0.577822502,0.480842156,0.29024978,0.594815597,0.408023004,0.274377195,0.137391181,0.404178637,-0.105444416
272,0.174438339,-1.108333329,-0.472641804,-1.12138492,-1.317485176,-2.001323629,0.63994821,0.790879877,0.422072714,0.404437381,-0.143366127,0.086586723,0.629223991,-0.552962183
273,1.802833598,1.073636749,-0.517265822,-0.689403915,1.193281542,1.869653413,1.14026411,1.338208173,1.064388816,1.35543651,1.417799495,1.484023816,1.400514909,0.340025097
274,0.745889213,-0.860406231,-0.218989497,-0.733918227,-1.211077569,-1.500726213,0.759999069,1.090870511,0.317540118,0.497227572,0.05875545,0.278175433,0.88790765,-0.811018736
275,0.282537343,-0.35639184,-0.794404454,-0.975410348,0.285420898,-0.239742307,0.87507598,0.992222604,0.789365938,0.887921888,1.251906232,0.996412498,1.040464041,0.9507231
276,-1.058811983,-1.649618982,0.274223324,1.875193046,-0.857894875,-1.063773863,-1.327811455,-1.164480462,-1.442102187,-1.288676525,-1.397958918,-1.357076442,-1.134542491,-2.213512344
277,0.147618114,-1.072980972,-1.289965907,-1.056707437,-1.874427116,-1.765180438,1.375181961,1.588039005,1.271820655,1.636725267,0.712267767,1.342162722,1.299512166,0.200267172
278,-0.137969929,-0.844530484,-0.940019668,-0.893054877,-0.418680499,-0.983772973,0.533791786,0.766981012,0.265493315,0.340601545,-0.080183545,0.153767502,0.637956502,-0.718632525
279,0.158151373,-0.464301558,-0.909487446,0.087682813,-0.067761796,0.086419758,0.541394833,0.706840911,0.425947208,0.635214643,0.420455106,0.403296772,0.752030453,-0.12154087
280,0.535750171,-1.163762168,0.365819991,1.578465387,-1.926498924,-1.21420009,0.064316853,0.451814008,-0.429376829,0.015690389,-0.294874664,-0.11829179,0.312594463,-1.676942596
281,0.455229943,-0.710929889,-0.64878924,-0.444855624,-1.437476732,-0.865181802,0.368905728,0.529533532,0.218059009,0.251150165,-0.101052075,0.107378889,0.465602011,-0.378511512
282,0.054785456,-0.839503589,-1.416792061,-0.888224963,-0.334912808,-0.832761511,0.636905738,0.908177147,0.352955858,0.564354243,0.127734797,0.353564866,0.933340563,-0.22469223
283,0.555606318,-0.442304563,-0.684018728,-0.141104355,0.106565559,0.293252137,0.482445568,0.678915055,0.310180384,0.366013006,0.086471754,0.183214973,0.632502582,-0.735248068
284,0.900723191,-0.672914355,-0.568935736,-1.04448008,-0.65639962,-0.624273046,1.344819857,1.62985502,1.000223843,1.114768031,0.58003792,0.842451566,1.416169204,-0.549634601
285,0.309198886,-0.56016597,-0.608862488,-1.014842184,-0.577159913,-1.00187847,1.138991156,1.010368232,1.13440657,0.831817572,0.478795878,0.674295148,1.18221997,0.70755959
286,0.309198886,-0.56016597,-0.608862488,-1.014842184,-0.577159913,-1.00187847,0.781819365,0.900948869,0.713403336,0.680375865,0.031829051,0.430528904,0.965286144,0.572751241
287,-1.276906689,-1.013184375,0.645307256,1.821279145,-0.276049026,-0.293223909,-1.016518678,-0.769722742,-1.152798385,-0.842993476,-0.235196115,-0.43389918,-0.83678562,-0.954101297
288,-0.939927694,0.742956522,0.452719393,0.735477403,0.002421945,0.632015411,-0.048430892,0.172569463,-0.179662157,0.115523797,0.046570708,0.175131599,0.191452583,0.368268626
289,0.163973105,-0.616176696,-0.839028471,-1.069159162,-0.124361587,-1.196841838,1.007584303,0.927933333,0.966838642,0.741185062,0.44951226,0.625948531,1.074998272,0.280816487
290,-0.697657727,-0.74860957,-0.477339069,0.129762847,-0.257937093,0.432564452,-0.0781466,0.181266268,-0.268458958,0.057507934,-0.019721475,0.353873112,0.322623421,-0.349268292
291,0.520594439,-0.810746407,0.079286828,-0.375866674,-1.215605552,-0.855494497,0.558323737,0.564135255,0.525161419,0.411400905,0.175378493,0.240726245,0.635560976,-0.328897393
292,-0.053409004,-0.373846232,-1.294663172,-1.014842184,-0.778655168,-0.161095667,0.940787133,1.124348156,0.818983329,1.121872598,0.562858951,1.575803812,1.167344035,0.463011252
293,0.297707655,-0.976428761,-0.928276506,-1.06290474,-1.342389083,-1.309045953,1.057004878,1.194934991,0.817590913,0.635337788,0.254575575,0.529082084,1.046749835,-0.186516714
294,1.710717466,1.874226173,2.110853924,-0.261634337,1.720791591,2.048168609,1.166213103,1.206396366,1.306795661,1.681370682,1.422153074,1.694354381,1.147993124,0.493396485
295,-0.190270368,-0.886147793,0.349379564,1.835946925,-0.563575963,-0.635473706,-1.885992993,-1.985593031,-1.722249218,-1.853743843,-1.40275401,-1.982315793,-2.105674072,-1.332613029
296,-1.723391126,-0.550905312,0.659399051,1.684087139,-0.131153562,0.275993564,-2.370401777,-2.260385506,-2.423051839,-2.415800608,-2.115592046,-2.340387355,-2.470301053,-1.599316776
297,-0.882061848,0.081249196,0.650004521,1.410132968,0.339756697,0.554043129,-3.406374997,-3.391376667,-3.195313084,-3.150965104,-2.414657421,-2.967903771,-3.30961213,-2.28707348
298,-2.067612693,-0.449562597,0.358774094,1.310956125,0.179013292,0.408786161,-1.528113272,-1.559427544,-1.409761397,-1.392909227,-1.297879096,-1.535325958,-1.814473451,-0.165008215
299,-0.757708045,0.116121533,1.69044871,1.081155413,0.348812664,0.65480717,-1.883551862,-2.001718628,-1.697964331,-1.775800008,-1.562524598,-1.821309403,-1.678277358,-1.413594064
300,-1.78225637,0.745691206,1.241859906,1.222785781,0.418996404,0.760843565,-2.692043863,-2.51969535,-2.58109219,-2.11192952,-2.495825316,-2.661695048,-2.904062807,-1.712515304
301,-0.138660092,-0.660254927,0.060497769,1.71934564,-0.307744909,-0.098289979,-1.19668672,-1.124850906,-1.19329424,-1.057665052,-0.990921811,-1.143466171,-1.167827546,-1.054660792
302,-2.209179973,2.513314261,0.654701786,0.888747226,0.77444309,1.956853918,-0.99507565,-0.818818217,-1.180845809,-0.963925025,1.017789892,-0.276857605,-1.012176074,2.195075412
303,0.389864396,-1.576977743,-0.67697283,1.954363908,-1.192965636,-0.855976092,-1.330574454,-1.288175806,-1.347900439,-1.502909794,-1.075099417,-1.562098495,-1.44007816,-1.462876556
304,-0.372784903,-2.031841234,-0.294145736,1.985806328,-1.054862147,-1.617503969,-2.391814098,-2.41075666,-2.412717682,-2.64537466,-1.894420928,-2.571111868,-2.756826167,-1.759146444
305,-1.87787159,-1.611349297,-0.41157736,1.963209033,-1.489548539,-0.186677079,-2.11509583,-1.901382245,-2.489065983,-2.324413962,-1.683615077,-2.173909028,-2.283089043,-0.926855188
306,-2.240786411,2.056049306,-0.381045138,0.380126312,0.199389216,2.133307679,1.028816524,1.269586255,0.899404685,1.578671438,1.89650734,0.995257766,0.843653999,3.658345788
307,-0.935096052,-0.299990683,1.528393069,1.296296502,0.185805267,-0.289904239,-1.925956976,-2.019745152,-1.696368862,-1.76831979,-1.889975081,-2.055135838,-2.056160427,-1.564288171
308,-1.687539447,-0.92162521,1.312318881,1.817182597,-0.12888957,0.405787749,-2.369405193,-2.299888354,-2.24808118,-1.989913763,-1.476418667,-1.88653162,-2.38703141,-0.67160651
309,0.114666686,2.612986787,0.405746743,1.091644029,0.944242462,2.331716378,-0.271591867,-0.109759124,-0.248873335,0.061268055,0.473186006,0.260679567,0.075198868,0.604422832
310,-1.626979098,-2.015541406,0.074589564,1.983433355,-1.521244422,-1.470318242,-2.003069943,-1.890453724,-1.85460742,-1.552487005,-1.830317476,-1.512943254,-1.656116141,-1.926133483
311,-1.807945217,-0.253764461,0.034662811,1.846722,0.833306873,1.32752997,-0.090287334,0.292854692,0.135556461,0.982702447,0.241610453,0.053839905,-0.614416632,0.117097371
312,-2.021364064,-1.821593208,0.347030931,1.991219057,-2.116674221,-1.223871264,-2.943598178,-3.194983358,-2.567306667,-2.617956097,-2.253602317,-2.643668922,-3.030366798,-2.22171627
313,-3.788641853,-1.431314823,0.82850059,1.956404155,-1.220133535,0.089498006,-3.654827146,-3.521556902,-3.454753673,-3.102488374,-2.400423149,-2.706455991,-3.333799833,-1.88057968
314,-2.987916578,-0.930296741,0.119213581,1.882614861,-0.187753352,1.050473178,-2.1203386,-2.273610364,-1.922000986,-2.029382535,-1.195103369,-1.562400369,-2.01006433,-0.846421017
315,-2.402641139,-1.494443179,-0.787358557,1.971726986,-0.165113436,-0.03592244,-1.618116833,-1.445368433,-1.54407573,-1.192721102,-0.987351602,-0.94350876,-1.144467167,-0.926617984
316,-1.551566726,-1.74482891,0.069892299,1.985248728,-0.980150423,-0.630486011,-1.833080472,-1.793794404,-1.606049193,-1.376428431,-1.290473894,-1.341799532,-1.66095361,-1.848606293
317,-0.127927809,-1.43880302,-0.068677018,0.524086094,-0.792239117,-0.917768745,-0.550198946,-0.363381814,-0.710287787,-0.749529797,-0.786143834,-0.77811495,-0.592842456,-0.494094277
318,-0.05120746,-0.904390752,-0.139135992,1.272600372,-0.054177846,-0.270249233,-0.688324736,-0.491511133,-0.919522955,-0.779042923,-1.123393335,-0.741707738,-0.654179879,-1.064529712
319,0.232020079,-0.875719251,-0.641743343,1.537373139,-0.405096549,-0.296145696,-0.403080792,-0.159734918,-0.751639607,-0.555697044,-0.540845079,-0.305787904,-0.484148617,-0.669004693
320,-0.942404058,-0.777441063,0.227250675,1.520434579,-0.264729068,-0.4571256,-0.619033233,-0.400464915,-0.785848756,-0.674871419,-0.341142335,-0.523880458,-0.565910608,0.310955424
321,-2.183200688,-1.317733687,1.960541445,1.874372489,0.262780982,-0.131160169,-1.243877132,-0.983516871,-1.652955526,-1.411673674,-0.785439656,-0.900337034,-1.357068854,-0.025208631
322,0.527835491,-0.979563285,0.678188111,1.63566754,-0.672247561,-0.695634915,-0.604913384,-0.430478964,-0.821955747,-0.722203092,-0.735527058,-0.692662395,-0.50923724,-0.92455538
323,0.927797309,1.172169113,0.053451871,0.708105364,0.464276237,1.768867159,0.037614251,0.179402153,0.062312298,0.252210736,0.617968548,0.659834885,-0.003718196,0.23103473
324,-0.912001271,-1.101911863,0.260131529,1.631452619,-0.01795398,0.081689527,-0.774997279,-0.588218188,-0.966189334,-0.835210215,-0.18597587,-0.641176727,-0.700567053,0.081999434
325,-0.162877859,-1.350342477,1.138520077,1.351885457,-0.282841001,-1.24075403,-0.573636594,-0.341463202,-0.916273503,-0.88786358,-0.860093492,-0.791852701,-0.705627382,-0.636039003
326,-1.859339562,-1.405793349,1.638778795,1.921853041,-0.40736054,-0.70285943,-0.784556923,-0.517404184,-1.263048247,-1.130191056,-0.563640663,-0.579155094,-1.074330184,0.312342116
327,-0.111773687,-1.234033024,1.356942898,1.679288277,0.16316535,-0.910989088,-0.948682804,-0.749253767,-1.271415695,-1.256817886,-1.335703489,-1.210752943,-1.052265362,-1.278437013
328,0.822483333,-0.477638264,1.192538624,0.293108556,-1.215605552,-0.613088736,-0.672516749,-0.679631638,-0.661667349,-0.795195899,-0.908434734,-0.833355141,-0.576405207,-0.942293099
329,0.251816434,-1.429841699,0.927143154,1.637532467,-1.192965636,-1.393820179,-0.718065417,-0.447009369,-1.108030248,-1.019711157,-1.258303609,-1.083931597,-0.75112821,-1.187299141
330,-1.016882747,-0.786263239,0.473857085,1.770887024,0.308060815,-0.690691844,-1.298280201,-1.140709685,-1.432752533,-1.312647405,-0.780076285,-1.030102195,-1.320996293,0.094496555
331,-0.222525416,-0.313161593,-0.063979753,1.256670537,-0.386984616,0.175355342,-0.547704436,-0.392787063,-0.515315396,-0.14044737,-0.017629209,-0.114521191,-0.24640768,0.113008783
332,0.692482918,-1.679678759,1.190189992,0.515626145,-1.75443556,-1.777975457,-0.16075787,0.16459434,-0.592194985,-0.34055093,0.137883202,-0.304034657,-0.093338378,-0.186264965
333,1.266154626,1.51200243,-0.115649667,-0.488818419,1.247617341,2.211213595,0.849436629,0.88542361,0.958775609,1.28462078,1.51859724,1.106009064,0.60704229,0.720253215
334,0.032931775,0.320809682,-0.517265822,-0.48349604,0.76085914,0.23280307,0.588696964,0.530738167,0.710385339,0.768412689,0.704099035,0.977959669,0.548303579,0.871890755
335,0.528024878,0.346419325,-0.911836078,-0.550297468,0.905754605,0.520951473,0.931629765,0.886276122,0.9642695,0.854438648,1.339614257,0.977075368,1.017774605,1.365712645
336,0.723850808,0.676660251,0.462113923,-0.117512177,0.586531785,0.181814505,0.900197634,0.472642694,1.037884341,0.501083734,0.8664898,0.860943907,0.677295508,0.419437647
337,-0.317136007,0.058122812,0.058149136,0.006468805,-0.611119787,0.170236867,0.154765695,0.005385003,0.237581301,0.083755861,-0.086218316,-0.001481049,0.28751362,-0.487939218
338,1.115520564,1.222940109,-0.280053941,-0.371357687,1.272521249,1.024223994,1.140875777,1.043109771,1.258530991,1.320172634,1.381033072,1.642351958,0.955177899,0.821448121
339,-0.314121732,-0.191600676,-0.338769753,-0.565082366,-0.500184197,0.00164792,0.387345524,0.236885932,0.438337863,0.086160548,0.187530815,0.224916154,0.518569916,0.09421406
340,0.625801695,0.653788469,-1.043359497,-0.41305954,0.724635274,0.362215842,0.802098366,0.516901747,0.903136702,0.492825085,0.710043438,0.446026212,0.732061856,0.481181236
341,0.844043895,0.476064998,0.281269222,-0.391888327,0.142789426,-0.070862612,0.987259293,0.383553953,1.149003771,0.382076481,0.568326171,0.663242055,0.656321989,0.272690856
342,1.319179094,1.08890095,1.267694863,-0.131568835,0.903490613,0.216633135,0.905241639,0.289251969,1.099419053,0.393636647,0.914702118,1.106462022,0.434028272,0.626650083
343,-1.029058857,0.947184677,1.150263239,-0.647630731,1.184225575,0.943511874,1.623552566,1.59398193,1.573892027,1.618598238,2.154019444,1.771634687,1.681567875,2.489321206
